{
  "rusal_bs": 3.814697265625e-06,
  "us_steel_bs": 3.814697265625e-06,
  "pass": true
}